kernel,alias,underlying_model,compiled,result
atax,RiVault/Reasoning-Tiny,hosted_vllm/ibm-granite/granite-4.2-3b,no,build_fail
atax,RiVault/Reasoning-Small,hosted_vllm/Qwen/Qwen3.8-27B,yes,pass
atax,RiVault/Reasoning-Medium,hosted_vllm/deepseek-ai/DeepSeek-V4-Flash,no,build_fail
atax,RiVault/Reasoning-Large,hosted_vllm/zai-org/GLM-5.3-Flash,no,build_fail
atax,RiVault/Instruction-Tiny,hosted_vllm/meta-llama/Llama-3.2-3B-Instruct,no,build_fail
atax,RiVault/Instruction-Small,hosted_vllm/ByteDance-Seed/Seed-OSS-36B-Instruct,no,build_fail
atax,RiVault/Instruction-Medium,hosted_vllm/meta-llama/Llama-4-Scout-17B-16E-Instruct,no,build_fail
atax,RiVault/Agentic-Small,hosted_vllm/Qwen/Qwen3.6-35B-A3B,no,build_fail
atax,RiVault/Agentic-Medium,hosted_vllm/deepseek-ai/DeepSeek-V4-Flash,no,build_fail
